{"$schema":"http://schema.management.azure.com/schemas/2015-01-01/deploymentTemplate.json#","contentVersion":"1.0.0.0","parameters":{"factoryName":{"type":"string","metadata":"Data Factory name"},"ls_onpremfs":{"type":"string"},"ls_datalake":{"type":"string"}},"variables":{"factoryId":"[concat('Microsoft.DataFactory/factories/', parameters('factoryName'))]"},"resources":[{"name":"[concat(parameters('factoryName'), '/pl_copyData_00_runProcess')]","type":"Microsoft.DataFactory/factories/pipelines","apiVersion":"2018-06-01","properties":{"activities":[{"name":"getProcess","type":"WebActivity","dependsOn":[],"policy":{"timeout":"0.12:00:00","retry":0,"retryIntervalInSeconds":30,"secureOutput":false,"secureInput":false},"userProperties":[],"typeProperties":{"url":{"value":"@concat('https://',pipeline().globalParameters.metadataTableStorageName,'.table.core.windows.net/adfMetadata(PartitionKey=''copyDataProcess'',RowKey=''',pipeline().parameters.copyDataProcessName,''')?$select=Properties')","type":"Expression"},"method":"GET","headers":{"Accept":"application/json;odata=nometadata","Content-Type":"application/xml","x-ms-version":"2019-07-07"},"authentication":{"type":"MSI","resource":"https://storage.azure.com/"}}},{"name":"inventoryFiles","type":"ExecutePipeline","dependsOn":[{"activity":"getProcess","dependencyConditions":["Succeeded"]}],"userProperties":[],"typeProperties":{"pipeline":{"referenceName":"pl_copyData_01_inventoryFiles","type":"PipelineReference"},"waitOnCompletion":true,"parameters":{"sourceRowKey":{"value":"@string(json(activity('getProcess').output.Properties).sourceDataset)","type":"Expression"}}}},{"name":"copyData","type":"ExecutePipeline","dependsOn":[{"activity":"inventoryFiles","dependencyConditions":["Succeeded"]}],"userProperties":[],"typeProperties":{"pipeline":{"referenceName":"pl_copyData_02_copyData","type":"PipelineReference"},"waitOnCompletion":true,"parameters":{"sourceRowKey":{"value":"@string(json(activity('getProcess').output.Properties).sourceDataset)","type":"Expression"},"sinkRowKey":{"value":"@string(json(activity('getProcess').output.Properties).sinkDataset)","type":"Expression"}}}}],"policy":{"elapsedTimeMetric":{},"cancelAfter":{}},"parameters":{"copyDataProcessName":{"type":"String"}},"variables":{"test":{"type":"String"}},"folder":{"name":"01_copyDataOrchestration"},"annotations":[]},"dependsOn":["[concat(variables('factoryId'), '/pipelines/pl_copyData_01_inventoryFiles')]","[concat(variables('factoryId'), '/pipelines/pl_copyData_02_copyData')]"]},{"name":"[concat(parameters('factoryName'), '/pl_copyData_01_inventoryFiles')]","type":"Microsoft.DataFactory/factories/pipelines","apiVersion":"2018-06-01","properties":{"activities":[{"name":"getListOfFiles","type":"GetMetadata","dependsOn":[{"activity":"getSource","dependencyConditions":["Succeeded"]}],"policy":{"timeout":"0.12:00:00","retry":0,"retryIntervalInSeconds":30,"secureOutput":false,"secureInput":false},"userProperties":[],"typeProperties":{"dataset":{"referenceName":"ds_onpremfs_binary","type":"DatasetReference","parameters":{"hostDirectory":{"value":"@string(json(activity('getSource').output.Properties).hostDirectory)","type":"Expression"},"keyVaultName":{"value":"@string(json(activity('getSource').output.Properties).keyVaultName)","type":"Expression"},"passwordSecretName":{"value":"@string(json(activity('getSource').output.Properties).passwordSecretName)","type":"Expression"},"usernameSecretName":{"value":"@string(json(activity('getSource').output.Properties).usernameSecretName)","type":"Expression"},"fileDirectory":{"value":"@string(json(activity('getSource').output.Properties).fileDirectory)","type":"Expression"},"fileName":{"value":"@''","type":"Expression"}}},"fieldList":["childItems","itemName"],"storeSettings":{"type":"FileServerReadSettings","recursive":true,"enablePartitionDiscovery":false},"formatSettings":{"type":"BinaryReadSettings"}}},{"name":"loopThroughFiles","type":"ForEach","dependsOn":[{"activity":"getListOfFiles","dependencyConditions":["Succeeded"]}],"userProperties":[],"typeProperties":{"items":{"value":"@activity('getListOfFiles').output.childItems","type":"Expression"},"isSequential":false,"activities":[{"name":"checkIfNew","type":"WebActivity","dependsOn":[],"policy":{"timeout":"0.12:00:00","retry":0,"retryIntervalInSeconds":30,"secureOutput":false,"secureInput":false},"userProperties":[],"typeProperties":{"url":{"value":"@concat('https://',pipeline().globalParameters.metadataTableStorageName,'.table.core.windows.net/adfMetadata()?$filter=PartitionKey%20eq%20''copyDataFileLog''%20and%20RowKey%20eq%20''',item().name,'''&$select=RowKey,Properties,PartitionKey')","type":"Expression"},"method":"GET","headers":{"Accept":"application/json;odata=nometadata","Content-Type":"application/xml","x-ms-version":"2019-07-07"},"authentication":{"type":"MSI","resource":"https://storage.azure.com/"}}},{"name":"ifNewThenLog","type":"IfCondition","dependsOn":[{"activity":"checkIfNew","dependencyConditions":["Succeeded"]}],"userProperties":[],"typeProperties":{"expression":{"value":"@equals(string(activity('checkIfNew').output.value),'[]' )","type":"Expression"},"ifTrueActivities":[{"name":"addNew","type":"ExecutePipeline","dependsOn":[],"userProperties":[],"typeProperties":{"pipeline":{"referenceName":"pl_tableStore_insertNew","type":"PipelineReference"},"waitOnCompletion":true,"parameters":{"RowKey":{"value":"@item().name","type":"Expression"},"PartitionKey":"copyDataFileLog","Properties":"new"}}},{"name":"checkCreated","type":"ExecutePipeline","dependsOn":[{"activity":"addNew","dependencyConditions":["Succeeded"]}],"userProperties":[],"typeProperties":{"pipeline":{"referenceName":"pl_tableStore_getProperties","type":"PipelineReference"},"waitOnCompletion":true,"parameters":{"partitionKey":"copyDataFileLog","rowKey":{"value":"@item().name","type":"Expression"}}}}]}}]}},{"name":"getSource","type":"WebActivity","dependsOn":[],"policy":{"timeout":"0.12:00:00","retry":0,"retryIntervalInSeconds":30,"secureOutput":false,"secureInput":false},"userProperties":[],"typeProperties":{"url":{"value":"@concat('https://',pipeline().globalParameters.metadataTableStorageName,'.table.core.windows.net/adfMetadata(PartitionKey=''copyDataset'',RowKey=''',pipeline().parameters.sourceRowKey,''')?$select=Properties')","type":"Expression"},"method":"GET","headers":{"Accept":"application/json;odata=nometadata","Content-Type":"application/xml","x-ms-version":"2019-07-07"},"authentication":{"type":"MSI","resource":"https://storage.azure.com/"}}}],"policy":{"elapsedTimeMetric":{},"cancelAfter":{}},"parameters":{"sourceRowKey":{"type":"string"}},"variables":{"test":{"type":"String"}},"folder":{"name":"01_copyDataOrchestration"},"annotations":[],"lastPublishTime":"2023-01-17T22:01:55Z"},"dependsOn":["[concat(variables('factoryId'), '/datasets/ds_onpremfs_binary')]","[concat(variables('factoryId'), '/pipelines/pl_tableStore_insertNew')]","[concat(variables('factoryId'), '/pipelines/pl_tableStore_getProperties')]"]},{"name":"[concat(parameters('factoryName'), '/pl_copyData_02_copyData')]","type":"Microsoft.DataFactory/factories/pipelines","apiVersion":"2018-06-01","properties":{"activities":[{"name":"loopThroughFiles","type":"ForEach","dependsOn":[{"activity":"checkIfNew","dependencyConditions":["Succeeded"]}],"userProperties":[],"typeProperties":{"items":{"value":"@activity('checkIfNew').output.value","type":"Expression"},"isSequential":false,"batchCount":2,"activities":[{"name":"setInprocessStatus","type":"ExecutePipeline","dependsOn":[],"userProperties":[],"typeProperties":{"pipeline":{"referenceName":"pl_tableStore_updateStatus","type":"PipelineReference"},"waitOnCompletion":true,"parameters":{"RowKey":{"value":"@item().RowKey","type":"Expression"},"Status":"inprocess","PartitionKey":{"value":"@item().PartitionKey","type":"Expression"}}}},{"name":"copyToDest","type":"Copy","dependsOn":[{"activity":"setInprocessStatus","dependencyConditions":["Succeeded"]}],"policy":{"timeout":"0.12:00:00","retry":0,"retryIntervalInSeconds":30,"secureOutput":false,"secureInput":false},"userProperties":[],"typeProperties":{"source":{"type":"BinarySource","storeSettings":{"type":"FileServerReadSettings","recursive":true,"deleteFilesAfterCompletion":true},"formatSettings":{"type":"BinaryReadSettings"}},"sink":{"type":"BinarySink","storeSettings":{"type":"AzureBlobFSWriteSettings"}},"enableStaging":false},"inputs":[{"referenceName":"ds_onpremfs_binary","type":"DatasetReference","parameters":{"hostDirectory":{"value":"@string(json(activity('getSource').output.Properties).hostDirectory)","type":"Expression"},"keyVaultName":{"value":"@string(json(activity('getSource').output.Properties).keyVaultName)","type":"Expression"},"passwordSecretName":{"value":"@string(json(activity('getSource').output.Properties).passwordSecretName)","type":"Expression"},"usernameSecretName":{"value":"@string(json(activity('getSource').output.Properties).usernameSecretName)","type":"Expression"},"fileDirectory":{"value":"@string(json(activity('getSource').output.Properties).fileDirectory)","type":"Expression"},"fileName":{"value":"@item().RowKey","type":"Expression"}}}],"outputs":[{"referenceName":"ds_datalake_binary","type":"DatasetReference","parameters":{"storageAccountName":{"value":"@string(json(activity('getDestination').output.Properties).storageAccountName)","type":"Expression"},"container":{"value":"@string(json(activity('getDestination').output.Properties).container)","type":"Expression"},"fileDirectory":{"value":"@string(json(activity('getDestination').output.Properties).fileDirectory)","type":"Expression"},"fileName":{"value":"@item().RowKey","type":"Expression"}}}]},{"name":"setCompleteStatus","type":"ExecutePipeline","dependsOn":[{"activity":"copyToDest","dependencyConditions":["Succeeded"]}],"userProperties":[],"typeProperties":{"pipeline":{"referenceName":"pl_tableStore_updateStatus","type":"PipelineReference"},"waitOnCompletion":true,"parameters":{"RowKey":{"value":"@item().RowKey","type":"Expression"},"Status":"complete","PartitionKey":{"value":"@item().PartitionKey","type":"Expression"}}}},{"name":"setErrorStatus","type":"ExecutePipeline","dependsOn":[{"activity":"copyToDest","dependencyConditions":["Failed"]}],"userProperties":[],"typeProperties":{"pipeline":{"referenceName":"pl_tableStore_updateStatus","type":"PipelineReference"},"waitOnCompletion":true,"parameters":{"RowKey":{"value":"@item().RowKey","type":"Expression"},"Status":"error","PartitionKey":{"value":"@item().PartitionKey","type":"Expression"}}}}]}},{"name":"getSource","type":"WebActivity","dependsOn":[],"policy":{"timeout":"0.12:00:00","retry":0,"retryIntervalInSeconds":30,"secureOutput":false,"secureInput":false},"userProperties":[],"typeProperties":{"url":{"value":"@concat('https://',pipeline().globalParameters.metadataTableStorageName,'.table.core.windows.net/adfMetadata(PartitionKey=''copyDataset'',RowKey=''',pipeline().parameters.sourceRowKey,''')?$select=Properties')","type":"Expression"},"method":"GET","headers":{"Accept":"application/json;odata=nometadata","Content-Type":"application/xml","x-ms-version":"2019-07-07"},"authentication":{"type":"MSI","resource":"https://storage.azure.com/"}}},{"name":"getDestination","type":"WebActivity","dependsOn":[],"policy":{"timeout":"0.12:00:00","retry":0,"retryIntervalInSeconds":30,"secureOutput":false,"secureInput":false},"userProperties":[],"typeProperties":{"url":{"value":"@concat('https://',pipeline().globalParameters.metadataTableStorageName,'.table.core.windows.net/adfMetadata(PartitionKey=''copyDataset'',RowKey=''',pipeline().parameters.sinkRowKey,''')?$select=Properties')","type":"Expression"},"method":"GET","headers":{"Accept":"application/json;odata=nometadata","Content-Type":"application/xml","x-ms-version":"2019-07-07"},"authentication":{"type":"MSI","resource":"https://storage.azure.com/"}}},{"name":"checkIfNew","type":"WebActivity","dependsOn":[{"activity":"getSource","dependencyConditions":["Succeeded"]},{"activity":"getDestination","dependencyConditions":["Succeeded"]}],"policy":{"timeout":"0.12:00:00","retry":0,"retryIntervalInSeconds":30,"secureOutput":false,"secureInput":false},"userProperties":[],"typeProperties":{"url":{"value":"@concat('https://',pipeline().globalParameters.metadataTableStorageName,'.table.core.windows.net/adfMetadata()?$filter=PartitionKey%20eq%20''copyDataFileLog''%20and%20Properties%20eq%20''new''&$select=RowKey,Properties,PartitionKey')","type":"Expression"},"method":"GET","headers":{"Accept":"application/json;odata=nometadata","Content-Type":"application/xml","x-ms-version":"2019-07-07"},"authentication":{"type":"MSI","resource":"https://storage.azure.com/"}}}],"policy":{"elapsedTimeMetric":{},"cancelAfter":{}},"parameters":{"sourceRowKey":{"type":"string"},"sinkRowKey":{"type":"string"}},"variables":{"test":{"type":"String"}},"folder":{"name":"01_copyDataOrchestration"},"annotations":[],"lastPublishTime":"2023-01-17T22:01:55Z"},"dependsOn":["[concat(variables('factoryId'), '/pipelines/pl_tableStore_updateStatus')]","[concat(variables('factoryId'), '/datasets/ds_onpremfs_binary')]","[concat(variables('factoryId'), '/datasets/ds_datalake_binary')]"]},{"name":"[concat(parameters('factoryName'), '/ds_onpremfs_binary')]","type":"Microsoft.DataFactory/factories/datasets","apiVersion":"2018-06-01","properties":{"linkedServiceName":{"referenceName":"[parameters('ls_onpremfs')]","type":"LinkedServiceReference","parameters":{"hostDirectory":{"value":"@dataset().hostDirectory","type":"Expression"},"keyVaultName":{"value":"@dataset().keyVaultName","type":"Expression"},"passwordSecretName":{"value":"@dataset().passwordSecretName","type":"Expression"},"usernameSecretName":{"value":"@dataset().usernameSecretName","type":"Expression"}}},"parameters":{"hostDirectory":{"type":"string"},"keyVaultName":{"type":"string"},"passwordSecretName":{"type":"string"},"usernameSecretName":{"type":"string"},"fileDirectory":{"type":"string"},"fileName":{"type":"string"}},"annotations":[],"type":"Binary","typeProperties":{"location":{"type":"FileServerLocation","fileName":{"value":"@dataset().fileName","type":"Expression"},"folderPath":{"value":"@dataset().fileDirectory","type":"Expression"}}}},"dependsOn":[]},{"name":"[concat(parameters('factoryName'), '/pl_tableStore_updateStatus')]","type":"Microsoft.DataFactory/factories/pipelines","apiVersion":"2018-06-01","properties":{"activities":[{"name":"updateStatus","type":"WebActivity","dependsOn":[],"policy":{"timeout":"0.12:00:00","retry":0,"retryIntervalInSeconds":30,"secureOutput":false,"secureInput":false},"userProperties":[],"typeProperties":{"url":{"value":"@concat('https://',pipeline().globalParameters.metadataTableStorageName,'.table.core.windows.net/adfMetadata(PartitionKey=''',pipeline().parameters.PartitionKey,''',RowKey=''',pipeline().parameters.RowKey,''')')","type":"Expression"},"method":"PUT","headers":{"Accept":"application/json;odata=nometadata","Content-Type":"application/json","x-ms-version":"2019-07-07","Content-Length":{"value":"@length(concat('{\"PartitionKey\":\"batchFileLoad\",\"RowKey\":\"',pipeline().parameters.RowKey,'\",\"Properties\":\"',pipeline().parameters.Status,'\"}'))","type":"Expression"}},"body":{"value":"@concat('{\"PartitionKey\":\"batchFileLoad\",\"RowKey\":\"',pipeline().parameters.RowKey,'\",\"Properties\":\"',pipeline().parameters.Status,'\"}')","type":"Expression"},"authentication":{"type":"MSI","resource":"https://storage.azure.com/"}}}],"policy":{"elapsedTimeMetric":{},"cancelAfter":{}},"parameters":{"RowKey":{"type":"string"},"Status":{"type":"String"},"PartitionKey":{"type":"String"}},"folder":{"name":"02_tableStoreSupport"},"annotations":[],"lastPublishTime":"2023-01-17T22:01:55Z"},"dependsOn":[]},{"name":"[concat(parameters('factoryName'), '/ds_datalake_binary')]","type":"Microsoft.DataFactory/factories/datasets","apiVersion":"2018-06-01","properties":{"linkedServiceName":{"referenceName":"[parameters('ls_datalake')]","type":"LinkedServiceReference","parameters":{"storageAccountName":{"value":"@dataset().storageAccountName","type":"Expression"}}},"parameters":{"storageAccountName":{"type":"string"},"container":{"type":"string"},"fileDirectory":{"type":"string"},"fileName":{"type":"string"}},"annotations":[],"type":"Binary","typeProperties":{"location":{"type":"AzureBlobFSLocation","fileName":{"value":"@dataset().fileName","type":"Expression"},"folderPath":{"value":"@dataset().fileDirectory","type":"Expression"},"fileSystem":{"value":"@dataset().container","type":"Expression"}}}},"dependsOn":[]},{"name":"[concat(parameters('factoryName'), '/pl_tableStore_insertNew')]","type":"Microsoft.DataFactory/factories/pipelines","apiVersion":"2018-06-01","properties":{"activities":[{"name":"addNew","type":"WebActivity","dependsOn":[],"policy":{"timeout":"0.12:00:00","retry":0,"retryIntervalInSeconds":30,"secureOutput":false,"secureInput":false},"userProperties":[],"typeProperties":{"url":{"value":"@concat('https://',pipeline().globalParameters.metadataTableStorageName,'.table.core.windows.net/adfMetadata')","type":"Expression"},"method":"POST","headers":{"Accept":"application/json;odata=nometadata","Content-Type":"application/json","x-ms-version":"2019-07-07","Content-Length":{"value":"@length(concat('{\"PartitionKey\":\"',pipeline().parameters.PartitionKey,'\",\"RowKey\":\"',pipeline().parameters.RowKey,'\",\"Properties\":\"',pipeline().parameters.Properties,'\"}'))","type":"Expression"}},"body":{"value":"@concat('{\"PartitionKey\":\"',pipeline().parameters.PartitionKey,'\",\"RowKey\":\"',pipeline().parameters.RowKey,'\",\"Properties\":\"',pipeline().parameters.Properties,'\"}')","type":"Expression"},"authentication":{"type":"MSI","resource":"https://storage.azure.com/"}}}],"policy":{"elapsedTimeMetric":{},"cancelAfter":{}},"parameters":{"RowKey":{"type":"string"},"PartitionKey":{"type":"string"},"Properties":{"type":"string"}},"folder":{"name":"02_tableStoreSupport"},"annotations":[],"lastPublishTime":"2023-01-17T22:01:55Z"},"dependsOn":[]},{"name":"[concat(parameters('factoryName'), '/pl_tableStore_getProperties')]","type":"Microsoft.DataFactory/factories/pipelines","apiVersion":"2018-06-01","properties":{"activities":[{"name":"getProperties","type":"WebActivity","dependsOn":[],"policy":{"timeout":"0.12:00:00","retry":0,"retryIntervalInSeconds":30,"secureOutput":false,"secureInput":false},"userProperties":[],"typeProperties":{"url":{"value":"@concat('https://',pipeline().globalParameters.metadataTableStorageName,'.table.core.windows.net/adfMetadata(PartitionKey=''',pipeline().parameters.partitionKey,''',RowKey=''',pipeline().parameters.rowKey,''')?$select=Properties')","type":"Expression"},"method":"GET","headers":{"Accept":"application/json;odata=nometadata","Content-Type":"application/xml","x-ms-version":"2019-07-07"},"authentication":{"type":"MSI","resource":"https://storage.azure.com/"}}}],"policy":{"elapsedTimeMetric":{},"cancelAfter":{}},"parameters":{"partitionKey":{"type":"String"},"rowKey":{"type":"String"}},"folder":{"name":"02_tableStoreSupport"},"annotations":[],"lastPublishTime":"2023-01-17T22:01:55Z"},"dependsOn":[]}]}